S.No.,Customer Name,Sector,City,State,Postal Code,Region,Sales person assigned,Lead date
1,Aaron Bergman,Retail,Henderson,Kentucky,42420,South,Michael,2022-01-28
2,Justin Ritter,Retail,Los Angeles,California,90036,West,Andy,2022-06-05
3,Craig Reiter,Technology,Fort Lauderdale,Florida,33311,South,Angela,2022-04-16
4,Katherine Murray,Financial,Los Angeles,California,90032,West,Meredith,2022-05-22
5,Rick Hansen,Healthcare,Concord,North Carolina,28027,South,Toby,2022-06-11
6,Jim Mitchum,Technology,Seattle,Washington,98103,West,Jim,2022-01-03
7,Toby Swindell,Manufacturing,Fort Worth,Texas,76106,Central,Toby,2022-04-26
8,Mick Brown,Retail,Madison,Wisconsin,53711,Central,Meredith,2022-06-19
9,Anthony Jacobs,Manufacturing,West Jordan,Utah,84084,West,Ryan,2022-05-18
10,Magdelene Morse,Financial,San Francisco,California,94109,West,Jim,2022-02-19
11,Vicky Freymann,Wholesale,Fremont,Nebraska,68025,Central,Toby,2022-05-03
12,Peter Fuller,Service,Philadelphia,Pennsylvania,19140,East,Dwight,2022-05-22
13,Ben Peterman,Service,Orem,Utah,84057,West,Pam,2022-02-19
14,Patrick Jones,Financial,Los Angeles,California,90049,West,Jim,2022-06-25
15,Jim Sink,Technology,Philadelphia,Pennsylvania,19140,East,Jim,2022-03-28
16,Ritsa Hightower,Financial,Houston,Texas,77095,Central,Andy,2022-06-03
17,Ann Blume,Wholesale,Richardson,Texas,75080,Central,Michael,2022-06-30
18,Jason Klamczynski,Financial,Houston,Texas,77041,Central,Kelly,2022-01-24
19,Laurel Beltran,Wholesale,Naperville,Illinois,60540,Central,Ryan,2022-05-09
20,Naresj Patel,Wholesale,Los Angeles,California,90049,West,Michael,2022-06-25
21,Valerie Dominguez,Financial,Melbourne,Florida,32935,South,Kelly,2022-04-30
22,Phillip Breyer,Manufacturing,Eagan,Minnesota,55122,Central,Ryan,2022-01-20
23,Eugene Barchas,Financial,Westland,Michigan,48185,Central,Toby,2022-03-19
24,Aaron Hawkins,Retail,Dover,Delaware,19901,East,Dwight,2022-06-03
25,Benjamin Patterson,Technology,New Albany,Indiana,47150,Central,Michael,2022-01-15
26,Rick Reed,Service,New York City,New York,10024,East,Pam,2022-01-24
27,Bill Shonely,Service,Troy,New York,12180,East,Toby,2022-04-11
28,Dave Poirier,Service,Los Angeles,California,90004,West,Angela,2022-06-21
29,Patrick O'Donnell,Healthcare,Chicago,Illinois,60610,Central,Dwight,2022-05-26
30,Dan Lawera,Service,Gilbert,Arizona,85234,West,Ryan,2022-06-26
31,Joy Bell-,Healthcare,Springfield,Virginia,22153,South,Pam,2022-03-02
32,Barry Franz,Service,New York City,New York,10009,East,Dwight,2022-02-28
33,Vivek Grady,Wholesale,Memphis,Tennessee,38109,South,Angela,2022-05-16
34,Greg Tran,Manufacturing,Houston,Texas,77041,Central,Ryan,2022-05-01
35,Zuschuss Carroll,Service,Decatur,Alabama,35601,South,Dwight,2022-05-17
36,Ellis Ballard,Service,San Francisco,California,94122,West,Michael,2022-05-17
37,Arthur Prichep,Financial,Durham,North Carolina,27707,South,Andy,2022-01-24
38,Scott Williamson,Manufacturing,Chicago,Illinois,60623,Central,Toby,2022-05-05
39,John Huston,Retail,Rochester,Minnesota,55901,Central,Kelly,2022-04-18
40,Trudy Glocke,Technology,Houston,Texas,77095,Central,Andy,2022-04-13
41,Deirdre Greer,Technology,Los Angeles,California,90036,West,Jim,2022-03-15
42,Sheri Gordon,Service,Minneapolis,Minnesota,55407,Central,Angela,2022-06-11
43,Guy Phonely,Service,Portland,Oregon,97206,West,Meredith,2022-04-04
44,Mitch Webber,Wholesale,New York City,New York,10009,East,Ryan,2022-05-18
45,Chuck Sachs,Healthcare,San Francisco,California,94122,West,Dwight,2022-05-20
46,Michael Stewart,Technology,Saint Paul,Minnesota,55106,Central,Toby,2022-06-19
47,Kimberly Carter,Service,Chicago,Illinois,60610,Central,Jim,2022-02-13
48,Denny Blanton,Service,Rochester,Minnesota,55901,Central,Kelly,2022-04-08
49,Aaron Smayling,Financial,Aurora,Colorado,80013,West,Dwight,2022-01-19
50,Dave Kipp,Manufacturing,Charlotte,North Carolina,28205,South,Ryan,2022-05-06
51,Cari Sayre,Manufacturing,Orland Park,Illinois,60462,Central,Dwight,2022-04-26
52,Evan Minnotte,Service,New York City,New York,10035,East,Pam,2022-03-06
53,Dianna Wilson,Service,Urbandale,Iowa,50322,Central,Andy,2022-01-30
54,Alan Schoenberger,Technology,Columbus,Ohio,43229,East,Michael,2022-05-19
55,Shui Tom,Wholesale,Seattle,Washington,98103,West,Meredith,2022-04-29
56,Barry Weirich,Retail,Bristol,Tennessee,37620,South,Ryan,2022-02-22
57,Laura Armstrong,Manufacturing,Wilmington,Delaware,19805,East,Angela,2022-06-09
58,Aimee Bixby,Manufacturing,Houston,Texas,77041,Central,Toby,2022-04-08
59,Bobby Elias,Retail,Bloomington,Illinois,61701,Central,Dwight,2022-04-18
60,Sam Zeldin,Manufacturing,Phoenix,Arizona,85023,West,Michael,2022-05-25
61,Raymond Messe,Technology,Los Angeles,California,90004,West,Toby,2022-04-10
62,Harry Greene,Financial,Columbus,Ohio,43229,East,Pam,2022-04-12
63,Anne McFarland,Financial,Roseville,California,95661,West,Jim,2022-01-06
64,Alejandro Ballentine,Financial,Philadelphia,Pennsylvania,19140,East,Ryan,2022-06-07
65,Rachel Payne,Service,San Francisco,California,94122,West,Toby,2022-04-19
66,Berenike Kampe,Technology,Independence,Missouri,64055,Central,Michael,2022-06-16
67,Janet Martin,Healthcare,Pasadena,California,91104,West,Ryan,2022-05-30
68,Nick Zandusky,Healthcare,Newark,Ohio,43055,East,Angela,2022-05-04
69,Steve Chapman,Healthcare,Franklin,Wisconsin,53132,Central,Meredith,2022-03-13
70,Noah Childs,Service,Scottsdale,Arizona,85254,West,Michael,2022-02-08
71,Natalie Fritzler,Technology,San Jose,California,95123,West,Meredith,2022-06-27
72,Paul MacIntyre,Healthcare,Seattle,Washington,98105,West,Ryan,2022-05-06
73,Maria Zettner,Financial,Seattle,Washington,98115,West,Ryan,2022-05-27
74,Henry MacAllister,Financial,Edmond,Oklahoma,73034,Central,Toby,2022-04-28
75,Rick Wilson,Financial,Los Angeles,California,90045,West,Toby,2022-02-11
76,Logan Haushalter,Financial,Philadelphia,Pennsylvania,19134,East,Michael,2022-01-30
77,Fred Hopkins,Technology,Carlsbad,New Mexico,88220,West,Dwight,2022-05-02
78,Khloe Miller,Technology,Seattle,Washington,98115,West,Dwight,2022-01-24
79,Adam Bellavance,Technology,San Antonio,Texas,78207,Central,Toby,2022-01-14
80,Dave Brooks,Retail,Los Angeles,California,90004,West,Angela,2022-03-03
81,Valerie Mitchum,Retail,Chicago,Illinois,60623,Central,Jim,2022-01-14
82,Don Miller,Service,Houston,Texas,77036,Central,Angela,2022-06-15
83,Neoma Murray,Wholesale,New York City,New York,10009,East,Ryan,2022-02-18
84,Lena Creighton,Retail,Decatur,Illinois,62521,Central,Kelly,2022-04-08
85,Rose O'Brian,Wholesale,Monroe,Louisiana,71203,South,Toby,2022-05-20
86,Erin Mull,Healthcare,Fairfield,Connecticut,6824,East,Kelly,2022-02-04
87,Odella Nelson,Financial,Los Angeles,California,90032,West,Pam,2022-02-03
88,Vivek Sundaresam,Manufacturing,Grand Prairie,Texas,75051,Central,Andy,2022-02-11
89,Chad McGuire,Financial,New York City,New York,10035,East,Meredith,2022-06-04
90,Don Weiss,Retail,Redlands,California,92374,West,Toby,2022-03-23
91,Gary McGarr,Technology,Hamilton,Ohio,45011,East,Dwight,2022-06-16
92,Stuart Van,Financial,Westfield,New Jersey,7090,East,Michael,2022-03-09
93,Michael Moore,Retail,Philadelphia,Pennsylvania,19120,East,Jim,2022-01-21
94,Julie Kriz,Retail,Akron,Ohio,44312,East,Angela,2022-02-06
95,Alyssa Tate,Financial,Denver,Colorado,80219,West,Pam,2022-03-15
96,Paul Van Hugh,Healthcare,Dallas,Texas,75220,Central,Ryan,2022-05-28
97,Sean Braxton,Financial,Franklin,Tennessee,37064,South,Kelly,2022-06-25
98,Sally Matthias,Financial,Whittier,California,90604,West,Jim,2022-03-27
99,Katharine Harms,Technology,Saginaw,Michigan,48601,Central,Dwight,2022-03-06
100,Mike Pelletier,Retail,Dallas,Texas,75220,Central,Jim,2022-03-31
101,Lisa Hazard,Financial,Medina,Ohio,44256,East,Toby,2022-02-19
102,Corey Roper,Wholesale,Los Angeles,California,90032,West,Angela,2022-03-24
103,Greg Matthias,Wholesale,Dublin,Ohio,43017,East,Kelly,2022-05-12
104,Ryan Akin,Healthcare,Detroit,Michigan,48227,Central,Michael,2022-04-20
105,Roland Fjeld,Manufacturing,Columbia,Tennessee,38401,South,Dwight,2022-02-20
106,Dario Medina,Healthcare,Charlotte,North Carolina,28205,South,Dwight,2022-03-25
107,Bill Eplett,Service,Santa Clara,California,95051,West,Andy,2022-01-09
108,Sean O'Donnell,Retail,Chicago,Illinois,60610,Central,Ryan,2022-05-19
109,Damala Kotsonis,Financial,Lakeville,Minnesota,55044,Central,Jim,2022-04-11
110,Liz Carlisle,Technology,San Francisco,California,94109,West,Andy,2022-03-30
111,Claire Gute,Wholesale,San Diego,California,92037,West,Toby,2022-05-09
112,Hunter Glantz,Healthcare,New York City,New York,10024,East,Michael,2022-04-25
113,Alan Dominguez,Service,Chicago,Illinois,60623,Central,Pam,2022-05-02
114,Becky Pak,Financial,New York City,New York,10009,East,Toby,2022-02-20
115,Andrew Allen,Service,Pasadena,Texas,77506,Central,Ryan,2022-03-19
116,Rob Lucas,Service,Houston,Texas,77036,Central,Kelly,2022-05-11
117,Scot Wooten,Service,Chicago,Illinois,60610,Central,Michael,2022-02-23
118,Bart Watters,Service,Brentwood,California,94513,West,Pam,2022-06-16
119,Yoseph Carroll,Healthcare,Chapel Hill,North Carolina,27514,South,Ryan,2022-01-07
120,Jill Matthias,Technology,Cincinnati,Ohio,45231,East,Pam,2022-05-23
121,Jason Fortune-,Retail,San Francisco,California,94110,West,Dwight,2022-03-24
122,Don Jones,Manufacturing,Inglewood,California,90301,West,Dwight,2022-03-02
123,Monica Federle,Technology,Philadelphia,Pennsylvania,19140,East,Michael,2022-05-29
124,Toby Carlisle,Manufacturing,Los Angeles,California,90004,West,Angela,2022-06-01
125,Christine Phan,Manufacturing,Tamarac,Florida,33319,South,Jim,2022-01-11
126,Eugene Hildebrand,Wholesale,Columbus,Ohio,43229,East,Jim,2022-03-24
127,Nat Carroll,Manufacturing,Colorado Springs,Colorado,80906,West,Jim,2022-05-21
128,Joy Smith,Wholesale,New York City,New York,10024,East,Andy,2022-03-22
129,Alice McCarthy,Financial,Lakewood,New Jersey,8701,East,Dwight,2022-06-14
130,Jamie Frazer,Manufacturing,Arlington,Virginia,22204,South,Michael,2022-03-29
131,James Galang,Healthcare,Arvada,Colorado,80004,West,Kelly,2022-04-01
132,Adam Hart,Service,Hackensack,New Jersey,7601,East,Toby,2022-01-31
133,Alex Grayson,Manufacturing,Saint Petersburg,Florida,33710,South,Meredith,2022-02-15
134,Neil Französisch,Technology,Philadelphia,Pennsylvania,19143,East,Kelly,2022-04-28
135,Daniel Raglin,Retail,New York City,New York,10024,East,Toby,2022-04-16
136,Nona Balk,Healthcare,Long Beach,California,90805,West,Andy,2022-04-07
137,Nathan Mautz,Technology,Hesperia,California,92345,West,Angela,2022-04-03
138,Tom Ashbrook,Wholesale,Murfreesboro,Tennessee,37130,South,Ryan,2022-01-02
139,Shahid Collister,Technology,Philadelphia,Pennsylvania,19143,East,Angela,2022-03-28
140,Pete Armstrong,Financial,Philadelphia,Pennsylvania,19134,East,Andy,2022-05-04
141,Rob Beeghly,Service,Los Angeles,California,90045,West,Toby,2022-01-11
142,Larry Hughes,Financial,San Francisco,California,94122,West,Pam,2022-01-21
143,Ken Black,Service,San Francisco,California,94122,West,Angela,2022-01-23
144,Mary Zewe,Financial,Lowell,Massachusetts,1852,East,Angela,2022-04-25
145,Denise Monton,Financial,New York City,New York,10009,East,Ryan,2022-02-17
146,Carol Adams,Wholesale,New York City,New York,10035,East,Jim,2022-06-25
147,Sean Christensen,Healthcare,Columbus,Georgia,31907,South,Ryan,2022-02-09
148,Mick Hernandez,Wholesale,New York City,New York,10009,East,Meredith,2022-02-24
149,Karen Seio,Financial,San Francisco,California,94109,West,Kelly,2022-02-24
150,Bruce Geld,Service,Manchester,Connecticut,6040,East,Jim,2022-03-04
151,John Lee,Manufacturing,Harlingen,Texas,78550,Central,Dwight,2022-06-24
152,Anne Pryor,Retail,Tucson,Arizona,85705,West,Kelly,2022-05-25
153,Cyra Reiten,Financial,Quincy,Illinois,62301,Central,Pam,2022-02-04
154,Bart Folk,Healthcare,Franklin,Massachusetts,2038,East,Kelly,2022-04-10
155,Janet Molinari,Financial,Houston,Texas,77095,Central,Andy,2022-01-03
156,Tamara Willingham,Service,San Francisco,California,94109,West,Pam,2022-04-26
157,Randy Bradley,Service,Taylor,Michigan,48180,Central,Pam,2022-01-31
158,Jim Radford,Technology,Pembroke Pines,Florida,33024,South,Jim,2022-06-07
159,Maribeth Dona,Wholesale,Philadelphia,Pennsylvania,19140,East,Meredith,2022-01-23
160,Emily Phan,Manufacturing,Cincinnati,Ohio,45231,East,Kelly,2022-02-10
161,Maxwell Schwartz,Retail,New York City,New York,10009,East,Meredith,2022-06-18
162,Corinna Mitchell,Healthcare,Des Moines,Washington,98198,West,Meredith,2022-01-02
163,Julie Creighton,Technology,Peoria,Illinois,61604,Central,Andy,2022-03-05
164,George Bell,Service,Las Vegas,Nevada,89115,West,Michael,2022-06-07
165,Justin Hirsh,Technology,Warwick,Rhode Island,2886,East,Meredith,2022-03-21
166,Michelle Tran,Manufacturing,Houston,Texas,77036,Central,Michael,2022-05-24
167,Adrian Barton,Service,Miami,Florida,33180,South,Meredith,2022-04-07
168,Cynthia Voltz,Healthcare,New York City,New York,10024,East,Jim,2022-06-18
169,Nicole Hansen,Service,San Francisco,California,94110,West,Dwight,2022-04-10
170,Heather Jas,Financial,Seattle,Washington,98105,West,Dwight,2022-03-07
171,James Lanier,Financial,Huntington Beach,California,92646,West,Kelly,2022-03-23
172,Muhammed Yedwab,Manufacturing,Los Angeles,California,90004,West,Pam,2022-01-13
173,Kelly Collister,Technology,Lawrence,Massachusetts,1841,East,Jim,2022-03-13
174,Helen Andreada,Retail,Jackson,Mississippi,39212,South,Ryan,2022-04-23
175,Meg Tillman,Financial,New Rochelle,New York,10801,East,Pam,2022-03-24
176,Fred Wasserman,Service,San Antonio,Texas,78207,Central,Andy,2022-02-13
177,Brosina Hoffman,Technology,Gastonia,North Carolina,28052,South,Jim,2022-04-04
178,Dana Kaydos,Wholesale,Jacksonville,Florida,32216,South,Jim,2022-04-14
179,Karen Daniels,Financial,Chicago,Illinois,60623,Central,Meredith,2022-01-11
180,Sung Chung,Healthcare,Houston,Texas,77070,Central,Michael,2022-05-31
181,Craig Yedwab,Retail,Columbus,Indiana,47201,Central,Jim,2022-05-16
182,Hunter Lopez,Technology,Auburn,New York,13021,East,Andy,2022-02-01
183,Carol Triggs,Financial,Akron,Ohio,44312,East,Meredith,2022-02-19
184,Christopher Conant,Financial,Concord,California,94521,West,Ryan,2022-05-09
185,Georgia Rosenberg,Financial,Phoenix,Arizona,85023,West,Angela,2022-05-14
186,Ted Trevino,Financial,Park Ridge,Illinois,60068,Central,Toby,2022-05-20
187,Phillina Ober,Service,Lindenhurst,New York,11757,East,Andy,2022-01-31
188,Emily Ducich,Retail,San Francisco,California,94110,West,Toby,2022-01-07
189,Tony Molinari,Wholesale,Troy,New York,12180,East,Angela,2022-05-31
190,Anthony Witt,Service,New York City,New York,10024,East,Pam,2022-03-10
191,Speros Goranitis,Manufacturing,San Diego,California,92024,West,Toby,2022-06-10
192,Bryan Mills,Technology,New York City,New York,10024,East,Andy,2022-02-13
193,Dennis Kane,Wholesale,Los Angeles,California,90045,West,Kelly,2022-06-01
194,Adam Shillingsburg,Service,Chicago,Illinois,60610,Central,Angela,2022-05-10
195,Sarah Foster,Retail,Huntsville,Texas,77340,Central,Andy,2022-01-17
196,Jane Waco,Wholesale,Rochester,New York,14609,East,Meredith,2022-04-24
197,Chad Cunningham,Retail,Seattle,Washington,98115,West,Dwight,2022-04-14
198,Russell D'Ascenzo,Financial,Memphis,Tennessee,38109,South,Kelly,2022-04-22
199,Sue Ann Reed,Retail,Fayetteville,Arkansas,72701,South,Jim,2022-04-22
200,Eleni McCrary,Technology,Parker,Colorado,80134,West,Kelly,2022-06-08
201,Charles Sheldon,Financial,Atlanta,Georgia,30318,South,Michael,2022-02-28
202,Julia Dunbar,Financial,Gladstone,Missouri,64118,Central,Angela,2022-02-02
203,Greg Hansen,Manufacturing,Los Angeles,California,90049,West,Ryan,2022-02-24
204,Carlos Meador,Service,Houston,Texas,77041,Central,Dwight,2022-04-14
205,Rick Bensley,Healthcare,Detroit,Michigan,48234,Central,Angela,2022-05-07
206,Ross Baird,Service,Lawrence,Massachusetts,1841,East,Pam,2022-03-28
207,Thomas Seio,Technology,Lakeland,Florida,33801,South,Ryan,2022-01-22
208,Mike Vittorini,Technology,Philadelphia,Pennsylvania,19134,East,Pam,2022-05-29
209,Brendan Dodson,Service,Los Angeles,California,90036,West,Dwight,2022-02-25
210,Pamela Stobb,Financial,Los Angeles,California,90032,West,Pam,2022-03-22
211,Filia McAdams,Manufacturing,Montgomery,Alabama,36116,South,Toby,2022-05-12
212,Cynthia Arntzen,Retail,Mesa,Arizona,85204,West,Andy,2022-02-08
213,Cynthia Delaney,Financial,Chicago,Illinois,60653,Central,Kelly,2022-04-11
214,Nancy Lomonaco,Financial,Henderson,Kentucky,42420,South,Pam,2022-06-08
215,Ted Butterfield,Service,Green Bay,Wisconsin,54302,Central,Ryan,2022-06-05
216,Keith Dawkins,Manufacturing,Springfield,Ohio,45503,East,Andy,2022-01-10
217,Ken Brennan,Service,New York City,New York,10035,East,Andy,2022-01-28
218,Maureen Gnade,Wholesale,San Francisco,California,94110,West,Kelly,2022-02-26
219,Beth Paige,Manufacturing,Houston,Texas,77070,Central,Jim,2022-04-12
220,Henia Zydlo,Technology,Wilmington,North Carolina,28403,South,Pam,2022-05-05
221,Elizabeth Moffitt,Healthcare,Los Angeles,California,90045,West,Toby,2022-01-30
222,Bryan Spruell,Retail,San Francisco,California,94110,West,Michael,2022-06-15
223,Dianna Vittorini,Wholesale,Tampa,Florida,33614,South,Meredith,2022-06-22
224,Maria Bertelson,Healthcare,Seattle,Washington,98105,West,Pam,2022-03-16
225,Pauline Chand,Service,Los Angeles,California,90008,West,Michael,2022-06-12
226,Christine Abelman,Technology,Seattle,Washington,98105,West,Ryan,2022-05-03
227,Duane Benoit,Financial,New York City,New York,10024,East,Ryan,2022-01-25
228,Karl Braun,Service,Marysville,Washington,98270,West,Toby,2022-03-06
229,Pete Kriz,Wholesale,Long Beach,California,90805,West,Pam,2022-03-07
230,Art Foster,Service,Chicago,Illinois,60610,Central,Toby,2022-02-07
231,Shirley Jackson,Financial,Los Angeles,California,90004,West,Angela,2022-05-14
232,Corey Catlett,Manufacturing,Denver,Colorado,80219,West,Jim,2022-01-23
233,Brad Eason,Wholesale,Richmond,Kentucky,40475,South,Kelly,2022-05-29
234,Skye Norling,Service,Salem,Oregon,97301,West,Pam,2022-01-18
235,Christina DeMoss,Wholesale,Laredo,Texas,78041,Central,Dwight,2022-06-28
236,Barry Gonzalez,Retail,San Diego,California,92024,West,Toby,2022-01-20
237,Clay Cheatham,Wholesale,Philadelphia,Pennsylvania,19134,East,Ryan,2022-03-18
238,Stewart Visinsky,Retail,Philadelphia,Pennsylvania,19120,East,Jim,2022-04-06
239,Helen Wasserman,Manufacturing,Tampa,Florida,33614,South,Michael,2022-02-05
240,Alejandro Savely,Manufacturing,Philadelphia,Pennsylvania,19134,East,Jim,2022-04-28
241,Lela Donovan,Healthcare,Dallas,Texas,75217,Central,Andy,2022-03-09
242,Neola Schneider,Manufacturing,Philadelphia,Pennsylvania,19143,East,Dwight,2022-06-26
243,Craig Molinari,Wholesale,Grove City,Ohio,43123,East,Toby,2022-05-15
244,Maureen Gastineau,Service,New York City,New York,10011,East,Dwight,2022-05-01
245,Dean Braden,Technology,Chicago,Illinois,60610,Central,Michael,2022-05-28
246,Cari Schnelling,Service,Dearborn,Michigan,48126,Central,Toby,2022-05-31
247,Brad Norvell,Manufacturing,New York City,New York,10009,East,Michael,2022-04-08
248,Greg Guthrie,Financial,Seattle,Washington,98115,West,Kelly,2022-05-10
249,Brian Stugart,Manufacturing,Aurora,Colorado,80013,West,Jim,2022-03-20
250,Amy Cox,Wholesale,Warner Robins,Georgia,31088,South,Toby,2022-06-15
251,Chloris Kastensmidt,Service,Aurora,Colorado,80013,West,Ryan,2022-06-18
252,Justin Deggeller,Financial,Minneapolis,Minnesota,55407,Central,Pam,2022-04-29
253,Melanie Seite,Technology,Mission Viejo,California,92691,West,Dwight,2022-03-14
254,Craig Leslie,Service,Rochester Hills,Michigan,48307,Central,Jim,2022-02-12
255,Charles McCrossin,Service,Columbus,Indiana,47201,Central,Dwight,2022-03-14
256,John Castell,Wholesale,Vancouver,Washington,98661,West,Jim,2022-04-20
257,Lena Hernandez,Technology,New York City,New York,10024,East,Toby,2022-06-06
258,Darrin Van Huff,Manufacturing,Columbus,Ohio,43229,East,Pam,2022-02-22
259,Bradley Talbott,Retail,Aurora,Illinois,60505,Central,Jim,2022-04-03
260,Brian Moss,Financial,New York City,New York,10011,East,Andy,2022-04-08
261,Mitch Gastineau,Service,Dallas,Texas,75081,Central,Dwight,2022-01-09
262,Frank Carlisle,Service,Cleveland,Ohio,44105,East,Kelly,2022-06-17
263,Thomas Thornton,Wholesale,Columbus,Indiana,47201,Central,Ryan,2022-06-02
264,Sarah Jordon,Wholesale,Tyler,Texas,75701,Central,Meredith,2022-05-24
265,Patrick Bzostek,Retail,New York City,New York,10024,East,Kelly,2022-01-02
266,Robert Waldorf,Manufacturing,Burlington,North Carolina,27217,South,Ryan,2022-03-12
267,Dennis Bolton,Technology,Jackson,Mississippi,39212,South,Michael,2022-05-09
268,David Kendrick,Manufacturing,New York City,New York,10035,East,Kelly,2022-06-22
269,Penelope Sewall,Technology,Waynesboro,Virginia,22980,South,Andy,2022-03-02
270,Meg O'Connel,Technology,Los Angeles,California,90036,West,Meredith,2022-05-07
271,Mathew Reese,Service,Chester,Pennsylvania,19013,East,Michael,2022-05-08
272,Christy Brittain,Technology,Long Beach,California,90805,West,Kelly,2022-05-06
273,Ruben Ausman,Retail,Cary,North Carolina,27511,South,Dwight,2022-01-07
274,Mike Gockenbach,Service,New York City,New York,10035,East,Pam,2022-06-07
275,Eric Murdock,Technology,New York City,New York,10035,East,Andy,2022-01-18
276,Denny Joy,Healthcare,Palm Coast,Florida,32137,South,Meredith,2022-01-19
277,Carlos Daly,Manufacturing,Mount Vernon,New York,10550,East,Jim,2022-02-27
278,Bobby Odegard,Manufacturing,Dover,Delaware,19901,East,Pam,2022-05-16
279,Kunst Miller,Manufacturing,Orem,Utah,84057,West,Ryan,2022-02-09
280,Brooke Gillingham,Technology,Los Angeles,California,90045,West,Pam,2022-01-20
281,Chad Sievert,Service,Philadelphia,Pennsylvania,19140,East,Kelly,2022-04-24
282,Brian Derr,Wholesale,Hialeah,Florida,33012,South,Michael,2022-05-05
283,Randy Ferguson,Service,Austin,Texas,78745,Central,Angela,2022-05-31
284,Justin Ellison,Wholesale,Oceanside,New York,11572,East,Jim,2022-03-25
285,Cindy Chapman,Technology,Seattle,Washington,98115,West,Kelly,2022-01-20
286,Larry Tron,Manufacturing,Naperville,Illinois,60540,Central,Toby,2022-02-16
287,Barbara Fisher,Financial,Dallas,Texas,75220,Central,Jim,2022-01-24
288,Caroline Jumper,Manufacturing,Evanston,Illinois,60201,Central,Toby,2022-06-07
289,Sally Hughsby,Healthcare,Trenton,Michigan,48183,Central,Ryan,2022-02-17
290,Sara Luxemburg,Wholesale,San Francisco,California,94110,West,Andy,2022-01-03
291,Jennifer Braxton,Financial,Cottage Grove,Minnesota,55016,Central,Pam,2022-02-09
292,Tim Brockman,Manufacturing,New York City,New York,10009,East,Dwight,2022-06-17
293,Paul Stevenson,Service,Green Bay,Wisconsin,54302,Central,Meredith,2022-01-07
294,Brenda Bowman,Wholesale,Columbus,Ohio,43229,East,Kelly,2022-04-23
295,Susan Pistek,Financial,Bossier City,Louisiana,71111,South,Angela,2022-04-22
296,Dean percer,Technology,Saint Petersburg,Florida,33710,South,Dwight,2022-06-30
297,Gary Zandusky,Retail,Des Moines,Iowa,50315,Central,Dwight,2022-06-02
298,Cassandra Brandow,Manufacturing,Cincinnati,Ohio,45231,East,Kelly,2022-04-10
299,Sample Company A,Financial,Columbus,Ohio,43229,East,Michael,2022-02-22
300,Scot Coram,Technology,Lancaster,California,93534,West,Andy,2022-04-20
301,Jill Stevenson,Retail,Asheville,North Carolina,28806,South,Meredith,2022-03-03
302,Bill Stewart,Wholesale,San Francisco,California,94110,West,Meredith,2022-01-03
303,Jack Lebron,Service,Rochester,Minnesota,55901,Central,Meredith,2022-06-26
304,Ed Ludwig,Financial,Lake Elsinore,California,92530,West,Meredith,2022-04-11
305,Frank Hawley,Technology,San Diego,California,92105,West,Angela,2022-03-28
306,Sean Miller,Technology,Monroe,Louisiana,71203,South,Dwight,2022-01-14
307,Peter McVee,Wholesale,San Francisco,California,94122,West,Jim,2022-05-12
308,Tom Stivers,Service,Santa Ana,California,92704,West,Pam,2022-01-13
309,Lynn Smith,Healthcare,Milwaukee,Wisconsin,53209,Central,Dwight,2022-01-22
310,Candace McMahon,Financial,Belleville,New Jersey,7109,East,Dwight,2022-05-16
311,Frank Gastineau,Manufacturing,San Francisco,California,94110,West,Jim,2022-03-15
312,Kristina Nunn,Technology,Columbia,Tennessee,38401,South,Meredith,2022-01-16
313,Tracy Blumstein,Manufacturing,New York City,New York,10035,East,Meredith,2022-04-02
314,Keith Herrera,Financial,Los Angeles,California,90036,West,Pam,2022-04-14
315,Denise Leinenbach,Financial,Louisville,Kentucky,40214,South,Kelly,2022-03-24
316,Katherine Nockton,Financial,Lorain,Ohio,44052,East,Andy,2022-01-14
317,Susan Vittorini,Healthcare,Linden,New Jersey,7036,East,Michael,2022-01-30
318,Michael Dominguez,Retail,Salinas,California,93905,West,Jim,2022-06-27
319,Luke Schmidt,Retail,New York City,New York,10035,East,Angela,2022-05-22
320,John Murray,Retail,New Brunswick,New Jersey,8901,East,Ryan,2022-01-13
321,Chuck Magee,Service,San Francisco,California,94122,West,Michael,2022-02-23
322,Saphhira Shifley,Manufacturing,Springfield,Virginia,22153,South,Angela,2022-05-25
323,Jim Epp,Manufacturing,Philadelphia,Pennsylvania,19140,East,Andy,2022-04-04
324,Gary Hwang,Financial,Lancaster,Pennsylvania,17602,East,Toby,2022-06-12
325,Juliana Krohn,Retail,Philadelphia,Pennsylvania,19143,East,Angela,2022-01-12
326,Duane Huffman,Financial,New York City,New York,10009,East,Meredith,2022-06-02
327,Muhammed MacIntyre,Financial,Philadelphia,Pennsylvania,19120,East,Pam,2022-04-12
328,Art Ferguson,Service,Detroit,Michigan,48227,Central,Pam,2022-02-05
329,Tony Sayre,Financial,Rochester,New York,14609,East,Kelly,2022-02-13
330,Brendan Murry,Retail,Los Angeles,California,90045,West,Andy,2022-01-31
331,Andrew Gjertsen,Retail,Columbia,Maryland,21044,East,Jim,2022-05-13
332,Anna Gayman,Retail,San Francisco,California,94122,West,Ryan,2022-06-27
333,Steven Ward,Healthcare,Houston,Texas,77095,Central,Ryan,2022-02-13
334,Sally Knutson,Retail,Detroit,Michigan,48227,Central,Kelly,2022-03-08
335,Arthur Gainer,Retail,Auburn,New York,13021,East,Dwight,2022-03-20
336,Astrea Jones,Financial,Springfield,Ohio,45503,East,Angela,2022-01-08
337,Marc Crier,Financial,Jackson,Michigan,49201,Central,Meredith,2022-03-20
338,Ed Jacobs,Wholesale,Norwich,Connecticut,6360,East,Dwight,2022-04-09
339,Maribeth Schnelling,Technology,Dallas,Texas,75220,Central,Pam,2022-06-02
340,Harold Engle,Service,New York City,New York,10009,East,Jim,2022-01-04
341,Sarah Bern,Retail,New York City,New York,10011,East,Kelly,2022-05-29
342,Valerie Takahito,Technology,Philadelphia,Pennsylvania,19143,East,Jim,2022-02-27
343,Becky Castell,Service,Springfield,Virginia,22153,South,Michael,2022-01-27
344,Nicole Fjeld,Financial,Philadelphia,Pennsylvania,19140,East,Toby,2022-04-03
345,Adrian Hane,Retail,Philadelphia,Pennsylvania,19120,East,Ryan,2022-02-07
346,Carlos Soltero,Service,Riverside,California,92503,West,Jim,2022-04-29
347,Laurel Workman,Healthcare,San Francisco,California,94110,West,Jim,2022-02-09
348,Rob Dowd,Wholesale,Philadelphia,Pennsylvania,19143,East,Dwight,2022-03-22
349,Brian Thompson,Manufacturing,Round Rock,Texas,78664,Central,Meredith,2022-06-21
350,Thomas Boland,Financial,Jackson,Mississippi,39212,South,Dwight,2022-02-28
351,Charles Crestani,Retail,Phoenix,Arizona,85023,West,Kelly,2022-04-19
352,Xylona Preis,Service,Oceanside,California,92054,West,Andy,2022-05-08
353,Todd Sumrall,Wholesale,San Francisco,California,94110,West,Meredith,2022-06-13
354,Maris LaWare,Retail,Fayetteville,Arkansas,72701,South,Toby,2022-02-13
355,Quincy Jones,Retail,New York City,New York,10011,East,Jim,2022-01-12
356,Richard Eichhorn,Healthcare,Wilmington,North Carolina,28403,South,Andy,2022-02-25
357,Cathy Prescott,Wholesale,Louisville,Colorado,80027,West,Toby,2022-02-24
358,Joe Kamberova,Manufacturing,Pasadena,Texas,77506,Central,Meredith,2022-06-11
359,Anemone Ratner,Retail,Houston,Texas,77041,Central,Jim,2022-04-02
360,Erica Hernandez,Technology,Jacksonville,Florida,32216,South,Andy,2022-02-13
361,Jocasta Rupert,Technology,Virginia Beach,Virginia,23464,South,Angela,2022-06-18
362,Paul Lucas,Manufacturing,Henderson,Kentucky,42420,South,Angela,2022-01-09
363,Theresa Coyne,Manufacturing,Murrieta,California,92563,West,Kelly,2022-05-22
364,Lindsay Williams,Financial,Scottsdale,Arizona,85254,West,Ryan,2022-01-08
365,Dorris liebe,Retail,San Diego,California,92037,West,Michael,2022-06-20
366,Sanjit Chand,Manufacturing,Seattle,Washington,98103,West,Andy,2022-03-30
367,Eric Barreto,Retail,New York City,New York,10011,East,Meredith,2022-03-30
368,Daniel Lacy,Wholesale,Los Angeles,California,90045,West,Dwight,2022-04-21
369,Frank Merwin,Technology,Springfield,Ohio,45503,East,Pam,2022-03-13
370,David Philippe,Financial,Cincinnati,Ohio,45231,East,Toby,2022-03-24
371,Clytie Kelty,Healthcare,Los Angeles,California,90004,West,Ryan,2022-02-15
372,Cari MacIntyre,Service,Burlington,North Carolina,27217,South,Michael,2022-03-24
373,Maria Etezadi,Retail,Saint Peters,Missouri,63376,Central,Michael,2022-06-03
374,Cindy Schnelling,Technology,New York City,New York,10035,East,Michael,2022-05-27
375,Gary Hansen,Service,Chicago,Illinois,60610,Central,Toby,2022-03-03
376,Matthew Clasen,Financial,Philadelphia,Pennsylvania,19134,East,Toby,2022-01-09
377,Liz MacKendrick,Technology,New York City,New York,10009,East,Ryan,2022-06-14
378,Andrew Roberts,Service,Philadelphia,Pennsylvania,19143,East,Ryan,2022-01-16
379,Jonathan Howell,Wholesale,Toledo,Ohio,43615,East,Angela,2022-01-16
380,Chris McAfee,Technology,San Francisco,California,94122,West,Kelly,2022-02-05
381,Emily Grady,Wholesale,Brownsville,Texas,78521,Central,Meredith,2022-01-08
382,Ann Steele,Service,Los Angeles,California,90008,West,Ryan,2022-05-31
383,Carl Ludwig,Technology,Denver,Colorado,80219,West,Michael,2022-03-12
384,Christina Anderson,Retail,New York City,New York,10035,East,Meredith,2022-03-07
385,Darren Budd,Wholesale,Mesa,Arizona,85204,West,Angela,2022-05-01
386,Adrian Shami,Manufacturing,Columbus,Indiana,47201,Central,Dwight,2022-03-23
387,Maureen Fritzler,Financial,Seattle,Washington,98105,West,Meredith,2022-05-30
388,Erica Bern,Service,Detroit,Michigan,48227,Central,Pam,2022-06-17
389,Mark Van Huff,Technology,Oakland,California,94601,West,Pam,2022-05-23
390,Joni Wasserman,Technology,Clinton,Maryland,20735,East,Toby,2022-01-25
391,Matt Collins,Service,Charlotte,North Carolina,28205,South,Dwight,2022-03-06
392,Jennifer Ferguson,Healthcare,San Francisco,California,94122,West,Michael,2022-05-25
393,Alan Hwang,Manufacturing,Riverside,California,92503,West,Michael,2022-06-04
394,Katherine Ducich,Financial,San Francisco,California,94110,West,Pam,2022-04-09
395,Troy Staebel,Manufacturing,Roswell,Georgia,30076,South,Meredith,2022-03-09
396,Paul Gonzalez,Technology,La Porte,Indiana,46350,Central,Kelly,2022-02-06
397,Heather Kirkland,Financial,Lansing,Michigan,48911,Central,Michael,2022-04-28
398,Hilary Holden,Technology,Minneapolis,Minnesota,55407,Central,Pam,2022-02-08
399,Ralph Ritter,Wholesale,Escondido,California,92025,West,Pam,2022-04-19
400,Stefanie Holloman,Technology,New York City,New York,10035,East,Ryan,2022-02-11
401,Roy Phan,Manufacturing,Jackson,Michigan,49201,Central,Michael,2022-06-10
402,Lisa Ryan,Financial,Los Angeles,California,90004,West,Angela,2022-06-13
403,Ionia McGrath,Healthcare,Houston,Texas,77070,Central,Meredith,2022-05-14
404,Darren Koutras,Healthcare,Seattle,Washington,98103,West,Kelly,2022-01-17
405,Evan Henry,Manufacturing,Los Angeles,California,90036,West,Ryan,2022-05-03
406,Marina Lichtenstein,Technology,Charlotte,North Carolina,28205,South,Dwight,2022-01-04
407,Benjamin Farhat,Technology,New York City,New York,10009,East,Jim,2022-01-21
408,Kean Nguyen,Manufacturing,Philadelphia,Pennsylvania,19134,East,Jim,2022-06-17
409,Hallie Redmond,Service,Los Angeles,California,90036,West,Pam,2022-04-24
410,Cyma Kinney,Wholesale,Buffalo,New York,14215,East,Dwight,2022-03-30
411,Alan Barnes,Healthcare,Cincinnati,Ohio,45231,East,Ryan,2022-06-03
412,Amy Hunt,Retail,Seattle,Washington,98105,West,Dwight,2022-06-17
413,Angele Hood,Wholesale,Gulfport,Mississippi,39503,South,Dwight,2022-05-15
414,Richard Bierner,Service,Fresno,California,93727,West,Angela,2022-03-16
415,Andy Gerbode,Manufacturing,Chester,Pennsylvania,19013,East,Michael,2022-02-08
416,Alex Russell,Retail,Jacksonville,Florida,32216,South,Andy,2022-05-18
417,Tiffany House,Manufacturing,Greenville,North Carolina,27834,South,Angela,2022-01-23
418,Liz Thompson,Financial,La Porte,Indiana,46350,Central,Dwight,2022-03-02
419,Harold Dahlen,Retail,San Francisco,California,94122,West,Jim,2022-04-25
420,Harry Marie,Service,Florence,Alabama,35630,South,Jim,2022-04-11
421,Charlotte Melton,Service,Houston,Texas,77070,Central,Andy,2022-04-04
422,Sarah Brown,Financial,Providence,Rhode Island,2908,East,Dwight,2022-06-23
423,Erica Smith,Wholesale,New York City,New York,10009,East,Michael,2022-01-27
424,Mark Cousins,Manufacturing,Pueblo,Colorado,81001,West,Andy,2022-01-14
425,Craig Carroll,Healthcare,Fairfield,California,94533,West,Jim,2022-06-16
426,Irene Maddox,Financial,Saint Paul,Minnesota,55106,Central,Dwight,2022-01-31
427,Dianna Arnett,Financial,Arlington,Virginia,22204,South,Meredith,2022-06-29
428,Tamara Chand,Technology,Columbus,Georgia,31907,South,Angela,2022-02-01
429,Sean Wendt,Financial,Los Angeles,California,90032,West,Kelly,2022-05-21
430,Maribeth Yedwab,Manufacturing,Deltona,Florida,32725,South,Pam,2022-01-16
431,Henry Goldwyn,Healthcare,Cincinnati,Ohio,45231,East,Pam,2022-01-26
432,Debra Catini,Service,Murray,Kentucky,42071,South,Angela,2022-05-19
433,Delfina Latchford,Manufacturing,Wilmington,North Carolina,28403,South,Michael,2022-01-29
434,Jay Kimmel,Wholesale,Lawrence,Massachusetts,1841,East,Pam,2022-06-16
435,Cathy Hwang,Manufacturing,Norwich,Connecticut,6360,East,Meredith,2022-05-13
436,Mark Haberlin,Healthcare,San Francisco,California,94110,West,Meredith,2022-05-06
437,Michael Chen,Manufacturing,San Francisco,California,94109,West,Michael,2022-06-23
438,Pauline Webber,Technology,Lorain,Ohio,44052,East,Andy,2022-06-11
439,Brendan Sweed,Technology,Dallas,Texas,75220,Central,Dwight,2022-05-19
440,Denny Ordway,Healthcare,Middletown,Connecticut,6457,East,Ryan,2022-05-24
441,Susan Gilcrest,Financial,Los Angeles,California,90008,West,Ryan,2022-02-01
442,Thomas Brumley,Financial,New York City,New York,10011,East,Dwight,2022-01-07
443,Becky Martin,Technology,Jacksonville,North Carolina,28540,South,Kelly,2022-06-30
444,Victoria Pisteka,Manufacturing,Evanston,Illinois,60201,Central,Jim,2022-05-19
445,Lena Radford,Manufacturing,Louisville,Kentucky,40214,South,Dwight,2022-05-08
446,Tracy Hopkins,Wholesale,Fort Worth,Texas,76106,Central,Pam,2022-05-21
447,Theone Pippenger,Wholesale,Los Angeles,California,90049,West,Michael,2022-01-25
448,Janet Lee,Retail,Philadelphia,Pennsylvania,19120,East,Ryan,2022-02-14
449,Ralph Kennedy,Healthcare,Tucson,Arizona,85705,West,Ryan,2022-03-13
450,Craig Carreira,Wholesale,Pico Rivera,California,90660,West,Angela,2022-05-27
451,Christopher Martinez,Wholesale,Clinton,Maryland,20735,East,Toby,2022-06-09
452,Michael Granlund,Technology,Aurora,Illinois,60505,Central,Ryan,2022-02-19
453,Bill Tyler,Manufacturing,Smyrna,Georgia,30080,South,Meredith,2022-03-03
454,Russell Applegate,Technology,Burlington,North Carolina,27217,South,Jim,2022-03-20
455,Tim Taslimi,Manufacturing,Salem,Virginia,24153,South,Dwight,2022-02-21
456,Darrin Martin,Manufacturing,Phoenix,Arizona,85023,West,Jim,2022-04-26
457,Vivek Gonzalez,Healthcare,New York City,New York,10024,East,Andy,2022-02-12
458,Natalie Webber,Technology,Costa Mesa,California,92627,West,Toby,2022-06-12
459,Victor Preis,Retail,Houston,Texas,77041,Central,Jim,2022-03-21
460,Shahid Shariari,Manufacturing,Mesa,Arizona,85204,West,Andy,2022-04-01
461,Alan Haines,Retail,Salinas,California,93905,West,Meredith,2022-01-22
462,Alejandro Grove,Healthcare,Parma,Ohio,44134,East,Angela,2022-06-23
463,Ben Wallace,Wholesale,San Francisco,California,94110,West,Angela,2022-05-26
464,Steven Cartwright,Wholesale,Richmond,Kentucky,40475,South,Michael,2022-05-30
465,Brian Dahlen,Technology,Aurora,Colorado,80013,West,Pam,2022-01-17
466,Peter Bühler,Wholesale,Phoenix,Arizona,85023,West,Toby,2022-06-20
467,Grace Kelly,Manufacturing,Mobile,Alabama,36608,South,Jim,2022-01-05
468,Sonia Cooley,Financial,Columbus,Georgia,31907,South,Andy,2022-02-19
469,Annie Zypern,Healthcare,Irving,Texas,75061,Central,Kelly,2022-06-13
470,Ivan Gibson,Manufacturing,Vineland,New Jersey,8360,East,Angela,2022-03-31
471,Sung Pak,Retail,New York City,New York,10009,East,Angela,2022-05-16
472,Kalyca Meade,Healthcare,Los Angeles,California,90004,West,Angela,2022-02-07
473,Michelle Moray,Technology,Niagara Falls,New York,14304,East,Meredith,2022-06-13
474,Raymond Buch,Technology,Thomasville,North Carolina,27360,South,Andy,2022-06-20
475,Nathan Cano,Manufacturing,New York City,New York,10035,East,Toby,2022-01-25
476,Steve Nguyen,Wholesale,Los Angeles,California,90008,West,Andy,2022-05-16
477,Carl Jackson,Service,Philadelphia,Pennsylvania,19143,East,Kelly,2022-03-22
478,Andy Yotov,Healthcare,New York City,New York,10035,East,Ryan,2022-06-16
479,Mark Packer,Service,Vancouver,Washington,98661,West,Ryan,2022-06-23
480,Pauline Johnson,Financial,Coppell,Texas,75019,Central,Jim,2022-05-09
481,Benjamin Venier,Healthcare,Los Angeles,California,90004,West,Andy,2022-03-31
482,Eugene Moren,Wholesale,New York City,New York,10024,East,Jim,2022-04-30
483,George Zrebassa,Manufacturing,Philadelphia,Pennsylvania,19120,East,Jim,2022-05-12
484,Parhena Norris,Manufacturing,Seattle,Washington,98105,West,Kelly,2022-02-10
485,Stuart Calhoun,Retail,Chicago,Illinois,60610,Central,Ryan,2022-06-10
486,Tonja Turnell,Retail,Tucson,Arizona,85705,West,Ryan,2022-06-13
487,Alyssa Crouse,Healthcare,Laguna Niguel,California,92677,West,Pam,2022-02-25
488,Catherine Glotzbach,Healthcare,Bridgeton,New Jersey,8302,East,Michael,2022-02-04
489,Clay Rozendal,Financial,Everett,Massachusetts,2149,East,Meredith,2022-01-08
490,Toby Ritter,Financial,San Diego,California,92024,West,Pam,2022-01-24
491,Shaun Chance,Retail,San Diego,California,92024,West,Meredith,2022-06-05
492,Joel Eaton,Manufacturing,Richmond,Kentucky,40475,South,Jim,2022-05-27
493,Michelle Huthwaite,Healthcare,Long Beach,New York,11561,East,Toby,2022-04-01
494,Joni Blumstein,Service,Philadelphia,Pennsylvania,19140,East,Jim,2022-06-09
495,Giulietta Weimer,Healthcare,Seattle,Washington,98103,West,Dwight,2022-06-05
496,Frank Olsen,Healthcare,New York City,New York,10011,East,Toby,2022-06-02
497,Luke Weiss,Financial,Philadelphia,Pennsylvania,19134,East,Michael,2022-01-11
498,Karen Bern,Retail,Allen,Texas,75002,Central,Andy,2022-06-07
499,Kelly Andreada,Service,El Paso,Texas,79907,Central,Toby,2022-06-30
500,John Dryer,Technology,Aurora,Illinois,60505,Central,Ryan,2022-06-20
501,John Lucas,Healthcare,Virginia Beach,Virginia,23464,South,Toby,2022-04-25
502,Julia West,Retail,Grapevine,Texas,76051,Central,Kelly,2022-03-17
503,Lauren Leatherbury,Healthcare,Olympia,Washington,98502,West,Kelly,2022-05-22
504,Thea Hendricks,Technology,Peoria,Illinois,61604,Central,Ryan,2022-02-12
505,Nathan Gelder,Healthcare,Los Angeles,California,90008,West,Kelly,2022-03-07
506,Ken Dana,Technology,Kent,Washington,98031,West,Dwight,2022-06-13
507,Matt Connell,Retail,Los Angeles,California,90049,West,Meredith,2022-05-12
508,Jim Karlsson,Healthcare,Lafayette,Louisiana,70506,South,Ryan,2022-04-09
509,Bradley Drucker,Financial,Tigard,Oregon,97224,West,Dwight,2022-05-31
510,Liz Pelletier,Financial,Washington,District of Columbia,20016,East,Toby,2022-03-28
511,Mary O'Rourke,Manufacturing,Skokie,Illinois,60076,Central,Jim,2022-05-24
512,MaryBeth Skach,Financial,San Francisco,California,94110,West,Michael,2022-05-11
513,George Ashbrook,Wholesale,Seattle,Washington,98105,West,Kelly,2022-05-23
514,Christine Sundaresam,Manufacturing,Los Angeles,California,90045,West,Dwight,2022-02-22
515,Philip Fox,Healthcare,Seattle,Washington,98115,West,Meredith,2022-01-05
516,Gene McClure,Manufacturing,Dallas,Texas,75217,Central,Toby,2022-03-17
517,Alan Shonely,Technology,North Las Vegas,Nevada,89031,West,Toby,2022-01-18
518,Harold Ryan,Retail,Suffolk,Virginia,23434,South,Andy,2022-03-30
519,Rob Haberlin,Service,San Francisco,California,94110,West,Toby,2022-06-11
520,Michael Nguyen,Wholesale,Los Angeles,California,90008,West,Dwight,2022-02-28
521,Resi Pölking,Healthcare,Indianapolis,Indiana,46203,Central,Andy,2022-06-06
522,Paul Knutson,Technology,Columbus,Ohio,43229,East,Pam,2022-03-16
523,Linda Southworth,Wholesale,San Diego,California,92037,West,Kelly,2022-04-22
524,Mick Crebagga,Retail,San Francisco,California,94122,West,Ryan,2022-01-06
525,Eric Hoffmann,Healthcare,Dublin,Ohio,43017,East,Meredith,2022-01-22
526,Justin MacKendrick,Manufacturing,San Diego,California,92037,West,Dwight,2022-06-08
527,Michelle Arnett,Technology,Houston,Texas,77095,Central,Jim,2022-04-20
528,Stephanie Phelps,Wholesale,Oakland,California,94601,West,Ryan,2022-02-28
529,Jennifer Halladay,Healthcare,Houston,Texas,77095,Central,Toby,2022-06-11
530,Patrick O'Brill,Service,Suffolk,Virginia,23434,South,Meredith,2022-01-26
531,Max Ludwig,Wholesale,Greensboro,North Carolina,27405,South,Kelly,2022-04-12
532,Pamela Coakley,Financial,Milwaukee,Wisconsin,53209,Central,Toby,2022-05-18
533,Katrina Edelman,Healthcare,Kenosha,Wisconsin,53142,Central,Andy,2022-04-28
534,Steve Carroll,Healthcare,Houston,Texas,77041,Central,Michael,2022-05-26
535,John Grady,Service,Olathe,Kansas,66062,Central,Pam,2022-03-21
536,Roland Schwarz,Manufacturing,Dallas,Texas,75081,Central,Andy,2022-06-09
537,Guy Armstrong,Financial,Tulsa,Oklahoma,74133,Central,Ryan,2022-04-27
538,Guy Thornton,Technology,Newark,Ohio,43055,East,Michael,2022-03-25
539,Patrick Ryan,Retail,Chicago,Illinois,60623,Central,Andy,2022-02-23
540,Anthony Garverick,Technology,Raleigh,North Carolina,27604,South,Meredith,2022-05-18
541,Sanjit Engle,Wholesale,Macon,Georgia,31204,South,Pam,2022-02-26
542,Julia Barnett,Retail,Charlotte,North Carolina,28205,South,Pam,2022-02-17
543,Jas O'Carroll,Service,Bowling Green,Kentucky,42104,South,Kelly,2022-01-16
544,Philisse Overcash,Financial,Seattle,Washington,98115,West,Toby,2022-01-08
545,Eva Jacobs,Manufacturing,Aurora,Colorado,80013,West,Jim,2022-05-08
546,Gary Mitchum,Financial,San Francisco,California,94122,West,Michael,2022-01-18
547,Susan MacKendrick,Service,Spokane,Washington,99207,West,Michael,2022-01-19
548,Arthur Wiediger,Healthcare,San Antonio,Texas,78207,Central,Pam,2022-05-25
549,Olvera Toch,Technology,Charlottesville,Virginia,22901,South,Dwight,2022-01-06
550,Jennifer Patt,Healthcare,Minneapolis,Minnesota,55407,Central,Dwight,2022-05-24
551,Trudy Brown,Technology,Indianapolis,Indiana,46203,Central,Pam,2022-01-10
552,Jeremy Pistek,Manufacturing,Oceanside,New York,11572,East,Pam,2022-04-09
553,Bryan Davis,Retail,Roswell,Georgia,30076,South,Angela,2022-03-05
554,Greg Maxwell,Financial,Watertown,New York,13601,East,Dwight,2022-03-19
555,Natalie DeCherney,Service,Arlington,Texas,76017,Central,Michael,2022-02-28
556,Tom Zandusky,Retail,Broomfield,Colorado,80020,West,Ryan,2022-06-14
557,Jeremy Ellison,Wholesale,New York City,New York,10009,East,Jim,2022-05-05
558,Arianne Irving,Service,Chicago,Illinois,60610,Central,Kelly,2022-05-25
559,David Smith,Retail,Columbus,Ohio,43229,East,Toby,2022-06-03
560,Anna Chung,Service,Houston,Texas,77036,Central,Kelly,2022-04-23
561,Chuck Clark,Wholesale,Pasadena,California,91104,West,Angela,2022-03-30
562,Nat Gilpin,Service,Houston,Texas,77041,Central,Angela,2022-02-11
563,Anthony Rawles,Financial,Auburn,Alabama,36830,South,Pam,2022-03-06
564,Roy Collins,Service,Providence,Rhode Island,2908,East,Toby,2022-05-08
565,Joy Daniels,Service,Rochester,Minnesota,55901,Central,Michael,2022-05-03
566,Linda Cazamias,Wholesale,Perth Amboy,New Jersey,8861,East,Angela,2022-02-11
567,David Wiener,Retail,Philadelphia,Pennsylvania,19134,East,Michael,2022-02-03
568,Ruben Dartt,Wholesale,Ontario,California,91761,West,Michael,2022-04-10
569,Rick Duston,Healthcare,Seattle,Washington,98105,West,Michael,2022-01-21
570,Lycoris Saunders,Technology,Baltimore,Maryland,21215,East,Kelly,2022-01-27
571,Giulietta Dortch,Healthcare,Wilmington,Delaware,19805,East,Toby,2022-01-30
572,Edward Becker,Healthcare,Tucson,Arizona,85705,West,Kelly,2022-01-05
573,Katherine Hughes,Financial,Boynton Beach,Florida,33437,South,Ryan,2022-04-02
574,Beth Fritzler,Wholesale,Stockton,California,95207,West,Toby,2022-05-06
575,Corey-Lock,Service,Philadelphia,Pennsylvania,19143,East,Dwight,2022-03-02
576,Sylvia Foulston,Manufacturing,Dover,New Hampshire,3820,East,Meredith,2022-05-13
577,Katrina Bavinger,Retail,Philadelphia,Pennsylvania,19134,East,Andy,2022-03-27
578,Lena Cacioppo,Service,Grand Prairie,Texas,75051,Central,Michael,2022-05-10
579,Jeremy Lonsdale,Service,College Station,Texas,77840,Central,Meredith,2022-01-02
580,Bruce Degenhardt,Wholesale,Saint Louis,Missouri,63116,Central,Pam,2022-01-30
581,Tamara Manning,Manufacturing,Manteca,California,95336,West,Pam,2022-02-06
582,Fred McMath,Wholesale,Kent,Ohio,44240,East,Ryan,2022-02-12
583,Dave Hallsten,Financial,San Francisco,California,94122,West,Dwight,2022-02-05
584,Nora Paige,Retail,Salt Lake City,Utah,84106,West,Ryan,2022-01-21
585,Doug Jacobs,Healthcare,Huntsville,Alabama,35810,South,Jim,2022-02-21
586,Sanjit Jacobs,Wholesale,Aurora,Illinois,60505,Central,Toby,2022-05-17
587,Muhammed Lee,Manufacturing,Fairfield,Connecticut,6824,East,Michael,2022-01-27
588,Phillip Flathmann,Wholesale,Jacksonville,Florida,32216,South,Ryan,2022-03-07
589,Matt Abelman,Wholesale,San Francisco,California,94110,West,Kelly,2022-05-20
590,Marc Harrigan,Technology,Marion,Ohio,43302,East,Kelly,2022-01-30
591,Victoria Brennan,Manufacturing,Littleton,Colorado,80122,West,Angela,2022-06-30
592,Nick Radford,Service,La Porte,Indiana,46350,Central,Toby,2022-05-17
593,Dionis Lloyd,Service,Los Angeles,California,90049,West,Angela,2022-01-26
594,Patricia Hirasaki,Retail,Pasadena,California,91104,West,Andy,2022-05-15
595,Cathy Armstrong,Retail,Los Angeles,California,90004,West,Angela,2022-02-15
596,Alex Avila,Healthcare,San Diego,California,92024,West,Dwight,2022-03-24
597,Aleksandra Gannaway,Service,New York City,New York,10035,East,Toby,2022-03-14
598,Roger Barcio,Retail,Arlington,Virginia,22204,South,Angela,2022-04-23
599,Liz Preis,Service,Monroe,North Carolina,28110,South,Kelly,2022-02-08
600,Ed Braxton,Wholesale,Seattle,Washington,98115,West,Pam,2022-05-20
601,Michael Grace,Healthcare,Seattle,Washington,98115,West,Jim,2022-04-04
602,Matthew Grinstein,Retail,Murfreesboro,Tennessee,37130,South,Michael,2022-04-20
603,Nora Pelletier,Healthcare,Seattle,Washington,98115,West,Ryan,2022-04-26
604,Matt Collister,Service,New York City,New York,10009,East,Dwight,2022-05-30
605,Brad Thomas,Service,Peoria,Arizona,85345,West,Ryan,2022-01-24
606,Emily Burns,Wholesale,Sioux Falls,South Dakota,57103,Central,Pam,2022-03-31
607,Erin Ashbrook,Retail,New York City,New York,10035,East,Ryan,2022-01-11
608,Fred Harton,Retail,Fort Collins,Colorado,80525,West,Pam,2022-05-12
609,Allen Armold,Manufacturing,Clarksville,Tennessee,37042,South,Kelly,2022-04-11
610,Bradley Nguyen,Financial,San Francisco,California,94122,West,Jim,2022-06-21
611,Ricardo Emerson,Manufacturing,Fresno,California,93727,West,Meredith,2022-05-19
612,Neil Ducich,Retail,New York City,New York,10009,East,Meredith,2022-05-23
613,Michelle Lonsdale,Technology,San Francisco,California,94122,West,Michael,2022-03-24
614,Sibella Parks,Technology,Los Angeles,California,90036,West,Ryan,2022-06-25
615,Sandra Flanagan,Technology,Albuquerque,New Mexico,87105,West,Kelly,2022-02-17
616,Luke Foster,Service,Elmhurst,Illinois,60126,Central,Jim,2022-06-11
617,Ken Heidel,Service,New York City,New York,10009,East,Angela,2022-06-28
618,Anna Andreadi,Healthcare,Louisville,Colorado,80027,West,Pam,2022-02-19
619,Kean Takahito,Financial,Seattle,Washington,98115,West,Ryan,2022-05-28
620,Kelly Williams,Healthcare,Fayetteville,North Carolina,28314,South,Jim,2022-05-10
621,Mitch Willingham,Wholesale,Los Angeles,California,90036,West,Andy,2022-03-02
622,Frank Atkinson,Retail,New York City,New York,10024,East,Dwight,2022-02-05
623,Jill Fjeld,Healthcare,Jamestown,New York,14701,East,Ryan,2022-06-21
624,Katrina Willman,Technology,Mishawaka,Indiana,46544,Central,Jim,2022-03-02
625,Lori Olson,Wholesale,Skokie,Illinois,60076,Central,Meredith,2022-03-12
626,Bruce Stewart,Healthcare,San Francisco,California,94110,West,Toby,2022-02-09
627,Herbert Flentye,Financial,Tampa,Florida,33614,South,Toby,2022-06-14
628,Michael Paige,Financial,Houston,Texas,77041,Central,Ryan,2022-06-26
629,Jennifer Jackson,Service,La Quinta,California,92253,West,Michael,2022-06-11
630,Joe Elijah,Service,Scottsdale,Arizona,85254,West,Jim,2022-05-28
631,Erin Smith,Healthcare,Philadelphia,Pennsylvania,19134,East,Dwight,2022-04-18
632,Fred Chung,Manufacturing,Bowling Green,Kentucky,42104,South,Ryan,2022-01-09
633,Theresa Swint,Financial,Carrollton,Texas,75007,Central,Michael,2022-02-01
634,Jasper Cacioppo,Healthcare,New York City,New York,10035,East,Andy,2022-04-30
635,Maya Herman,Healthcare,Jacksonville,Florida,32216,South,Toby,2022-03-20
636,Roy Französisch,Service,Los Angeles,California,90045,West,Toby,2022-02-02
637,Patrick Gardner,Manufacturing,Los Angeles,California,90049,West,Toby,2022-02-18
638,Victoria Wilson,Service,Saint Louis,Missouri,63116,Central,Andy,2022-02-11
639,Doug O'Connell,Healthcare,New York City,New York,10024,East,Pam,2022-02-07
640,Ralph Arnett,Financial,Seattle,Washington,98103,West,Jim,2022-03-09
641,Grant Thornton,Service,Los Angeles,California,90045,West,Ryan,2022-01-13
642,Doug Bickford,Healthcare,New York City,New York,10035,East,Angela,2022-02-15
643,Shirley Daniels,Manufacturing,Springfield,Missouri,65807,Central,Toby,2022-06-24
644,Joseph Holt,Technology,Amarillo,Texas,79109,Central,Toby,2022-02-04
645,Allen Goldenen,Service,Los Angeles,California,90045,West,Michael,2022-04-19
646,Michelle Ellison,Technology,Lowell,Massachusetts,1852,East,Dwight,2022-05-27
647,Ben Ferrer,Financial,San Diego,California,92024,West,Michael,2022-04-19
648,Logan Currie,Financial,Pueblo,Colorado,81001,West,Kelly,2022-05-25
649,Anna Häberlin,Service,Lancaster,Ohio,43130,East,Jim,2022-05-16
650,Edward Hooks,Manufacturing,Columbus,Georgia,31907,South,Dwight,2022-04-27
651,Robert Dilbeck,Service,Vallejo,California,94591,West,Pam,2022-05-20
652,Carol Darley,Healthcare,Seattle,Washington,98105,West,Ryan,2022-05-20
653,Clay Ludtke,Healthcare,San Diego,California,92037,West,Andy,2022-04-07
654,Jay Fein,Wholesale,Tallahassee,Florida,32303,South,Michael,2022-01-15
655,Allen Rosenblatt,Manufacturing,San Francisco,California,94122,West,Dwight,2022-04-20
656,Stefania Perrino,Technology,Columbus,Georgia,31907,South,Jim,2022-03-29
657,Erin Creighton,Financial,Murray,Utah,84107,West,Dwight,2022-04-09
658,Todd Boyes,Retail,Dallas,Texas,75220,Central,Kelly,2022-03-23
659,David Flashing,Financial,Las Cruces,New Mexico,88001,West,Angela,2022-06-05
660,Sonia Sunley,Wholesale,Seattle,Washington,98115,West,Andy,2022-06-05
661,Roger Demir,Healthcare,Franklin,Massachusetts,2038,East,Toby,2022-05-31
662,Julie Prescott,Service,Encinitas,California,92024,West,Jim,2022-01-27
663,Paul Prost,Wholesale,Hoover,Alabama,35244,South,Jim,2022-03-21
664,Jenna Caffey,Manufacturing,Huntsville,Texas,77340,Central,Angela,2022-01-21
665,Matt Hagelstein,Financial,Roswell,Georgia,30076,South,Angela,2022-05-27
666,Noel Staavos,Healthcare,Columbus,Indiana,47201,Central,Jim,2022-06-26
667,Tracy Zic,Financial,Fayetteville,North Carolina,28314,South,Andy,2022-02-07
668,Annie Thurman,Manufacturing,Tucson,Arizona,85705,West,Pam,2022-04-30
669,Karen Carlisle,Service,Lake Charles,Louisiana,70601,South,Jim,2022-02-24
670,Helen Abelman,Healthcare,Columbus,Georgia,31907,South,Michael,2022-04-30
671,Jason Gross,Retail,Glendale,Arizona,85301,West,Toby,2022-03-20
672,Chris Selesnick,Financial,Watertown,New York,13601,East,Dwight,2022-05-21
673,Yana Sorensen,Financial,Oceanside,California,92054,West,Pam,2022-02-12
674,Tracy Collins,Technology,Philadelphia,Pennsylvania,19134,East,Ryan,2022-05-06
675,Neil Knudson,Technology,Columbus,Georgia,31907,South,Pam,2022-04-04
676,Beth Thompson,Healthcare,New York City,New York,10011,East,Kelly,2022-04-28
677,Toby Gnade,Wholesale,Louisville,Colorado,80027,West,Andy,2022-03-21
678,Ashley Jarboe,Financial,Brownsville,Texas,78521,Central,Jim,2022-06-12
679,Kristen Hastings,Retail,Lincoln Park,Michigan,48146,Central,Jim,2022-04-27
680,Darren Powers,Wholesale,Columbus,Georgia,31907,South,Michael,2022-06-27
681,Larry Blacks,Wholesale,Detroit,Michigan,48227,Central,Dwight,2022-06-09
682,Elpida Rittenbach,Service,Dallas,Texas,75081,Central,Ryan,2022-05-02
683,Maurice Satty,Financial,Albuquerque,New Mexico,87105,West,Meredith,2022-01-30
684,Lindsay Castell,Financial,Apple Valley,California,92307,West,Toby,2022-02-17
685,Barry Französisch,Manufacturing,Providence,Rhode Island,2908,East,Ryan,2022-05-07
686,Joel Jenkins,Service,New York City,New York,10024,East,Angela,2022-04-24
687,Kelly Lampkin,Technology,Philadelphia,Pennsylvania,19134,East,Andy,2022-03-04
688,Gene Hale,Wholesale,Oceanside,New York,11572,East,Pam,2022-06-14
689,Ross DeVincentis,Financial,Seattle,Washington,98105,West,Angela,2022-02-07
690,Deanra Eno,Retail,Glendale,Arizona,85301,West,Jim,2022-01-30
691,Sam Craven,Technology,Houston,Texas,77070,Central,Jim,2022-01-24
692,Dorothy Wardle,Manufacturing,Houston,Texas,77036,Central,Angela,2022-05-09
693,Jim Kriz,Manufacturing,Philadelphia,Pennsylvania,19134,East,Jim,2022-04-24
694,Carl Weiss,Retail,New York City,New York,10024,East,Meredith,2022-04-16
695,Christine Kargatis,Technology,Houston,Texas,77095,Central,Kelly,2022-04-29
696,Bart Pistole,Healthcare,Grand Prairie,Texas,75051,Central,Toby,2022-05-05
697,Jack Garza,Manufacturing,Philadelphia,Pennsylvania,19120,East,Michael,2022-03-23
698,Philip Brown,Healthcare,Highland Park,Illinois,60035,Central,Jim,2022-05-04
699,Ken Lonsdale,Healthcare,Pasadena,Texas,77506,Central,Kelly,2022-06-27
700,Michael Oakman,Retail,Decatur,Alabama,35601,South,Andy,2022-02-18
701,Bill Donatelli,Manufacturing,Columbia,Tennessee,38401,South,Kelly,2022-05-01
702,John Stevenson,Healthcare,Oakland,California,94601,West,Michael,2022-05-09
703,Christopher Schild,Service,Mission Viejo,California,92691,West,Andy,2022-03-02
704,Andy Reiter,Wholesale,Conroe,Texas,77301,Central,Pam,2022-02-04
705,Giulietta Baptist,Manufacturing,Richmond,Kentucky,40475,South,Pam,2022-03-22
706,Nora Preis,Service,Philadelphia,Pennsylvania,19140,East,Andy,2022-03-14
707,Ryan Crowe,Wholesale,New York City,New York,10024,East,Ryan,2022-05-12
708,Anthony O'Donnell,Retail,Jacksonville,Florida,32216,South,Jim,2022-04-06
709,Tom Boeckenhauer,Manufacturing,Jacksonville,North Carolina,28540,South,Meredith,2022-03-06
710,Cindy Stewart,Retail,Austin,Texas,78745,Central,Ryan,2022-05-22
711,Sharelle Roach,Service,Plano,Texas,75023,Central,Toby,2022-01-20
712,Thea Hudgings,Manufacturing,Jackson,Mississippi,39212,South,Michael,2022-02-16
713,Eudokia Martin,Financial,Mesquite,Texas,75150,Central,Pam,2022-02-01
714,Bill Overfelt,Service,Philadelphia,Pennsylvania,19143,East,Meredith,2022-06-19
715,Dorothy Dickinson,Manufacturing,Dallas,Texas,75217,Central,Michael,2022-03-07
716,Jack O'Briant,Technology,Los Angeles,California,90004,West,Meredith,2022-06-23
717,Karen Ferguson,Financial,Toledo,Ohio,43615,East,Ryan,2022-01-23
718,Ann Chong,Healthcare,New York City,New York,10011,East,Jim,2022-02-20
719,Daniel Byrd,Service,Newark,Delaware,19711,East,Andy,2022-01-29
720,Joseph Airdo,Healthcare,San Diego,California,92037,West,Ryan,2022-05-27
721,Steven Roelle,Healthcare,Jacksonville,North Carolina,28540,South,Jim,2022-02-06
722,Duane Noonan,Financial,Dover,Delaware,19901,East,Jim,2022-03-14
723,Mike Caudle,Retail,Bristol,Tennessee,37620,South,Meredith,2022-04-29
724,Lisa DeCherney,Manufacturing,Quincy,Massachusetts,2169,East,Meredith,2022-03-04
725,Bobby Trafton,Technology,Gilbert,Arizona,85234,West,Dwight,2022-04-10
726,Shaun Weien,Financial,Philadelphia,Pennsylvania,19143,East,Toby,2022-06-13
727,Max Jones,Retail,Buffalo,New York,14215,East,Michael,2022-01-05
728,Christina VanderZanden,Healthcare,Los Angeles,California,90036,West,Ryan,2022-05-22
729,Nick Crebassa,Healthcare,Columbia,Tennessee,38401,South,Michael,2022-06-27
730,Suzanne McNair,Financial,Kenosha,Wisconsin,53142,Central,Meredith,2022-04-08
731,Troy Blackwell,Manufacturing,Roswell,Georgia,30076,South,Kelly,2022-03-09
732,Pete Takahito,Financial,Chester,Pennsylvania,19013,East,Kelly,2022-04-16
733,Stewart Carmichael,Service,Houston,Texas,77041,Central,Jim,2022-04-23
734,Tom Prescott,Manufacturing,New York City,New York,10035,East,Angela,2022-05-17
735,Jonathan Doherty,Financial,Aurora,Colorado,80013,West,Kelly,2022-05-28
736,Erica Hackney,Healthcare,Santa Ana,California,92704,West,Andy,2022-03-11
737,Mark Hamilton,Technology,New York City,New York,10035,East,Kelly,2022-03-01
738,Zuschuss Donatelli,Wholesale,Mcallen,Texas,78501,Central,Toby,2022-05-14
739,Barry Pond,Service,Chicago,Illinois,60623,Central,Michael,2022-06-10
740,Claudia Bergmann,Service,Rockford,Illinois,61107,Central,Dwight,2022-06-13
741,Harold Pawlan,Technology,New York City,New York,10011,East,Pam,2022-02-21
742,Stephanie Ulpright,Manufacturing,Jackson,Tennessee,38301,South,Ryan,2022-03-28
743,Roy Skaria,Manufacturing,Daytona Beach,Florida,32114,South,Pam,2022-03-29
744,Jamie Kunitz,Manufacturing,Stockton,California,95207,West,Toby,2022-06-27
745,Tanja Norvell,Healthcare,San Francisco,California,94110,West,Kelly,2022-05-31
746,Brian DeCherney,Wholesale,Los Angeles,California,90036,West,Andy,2022-04-25
747,Kean Thornton,Manufacturing,Oklahoma City,Oklahoma,73120,Central,Kelly,2022-03-09
748,Joni Sundaresam,Healthcare,Los Angeles,California,90045,West,Ryan,2022-02-16
749,Scott Cohen,Technology,New York City,New York,10009,East,Michael,2022-06-29
750,Deborah Brumfield,Service,Aurora,Illinois,60505,Central,Andy,2022-01-07
751,Eileen Kiefer,Retail,Jacksonville,North Carolina,28540,South,Angela,2022-05-15
752,Trudy Schmidt,Wholesale,Los Angeles,California,90036,West,Ryan,2022-06-14
753,Liz Willingham,Retail,Norwich,Connecticut,6360,East,Pam,2022-02-13
754,Michael Kennedy,Technology,Lawrence,Massachusetts,1841,East,Jim,2022-01-28
755,Laurel Elliston,Technology,Lehi,Utah,84043,West,Kelly,2022-02-27
756,Tamara Dahlen,Financial,Seattle,Washington,98103,West,Angela,2022-04-22
757,Lindsay Shagiari,Healthcare,Philadelphia,Pennsylvania,19134,East,Meredith,2022-05-25
758,Dorothy Badders,Financial,Los Angeles,California,90008,West,Andy,2022-02-14
759,Seth Vernon,Retail,Monroe,North Carolina,28110,South,Jim,2022-03-13
760,Frank Preis,Healthcare,Dallas,Texas,75220,Central,Andy,2022-03-11
761,Shahid Hopkins,Wholesale,Houston,Texas,77070,Central,Angela,2022-01-17
762,Sandra Glassco,Service,Seattle,Washington,98103,West,Dwight,2022-02-04
763,Dean Katz,Service,Los Angeles,California,90036,West,Andy,2022-04-26
764,Jessica Myrick,Manufacturing,Lakewood,Ohio,44107,East,Toby,2022-04-23
765,Anthony Johnson,Wholesale,Philadelphia,Pennsylvania,19140,East,Michael,2022-04-30
766,Tracy Poddar,Financial,Omaha,Nebraska,68104,Central,Dwight,2022-05-21
767,Darrin Sayre,Service,Concord,New Hampshire,3301,East,Michael,2022-02-10
768,Jesus Ocampo,Financial,Monroe,Louisiana,71203,South,Dwight,2022-01-02
769,David Bremer,Wholesale,Raleigh,North Carolina,27604,South,Kelly,2022-05-02
770,Pierre Wener,Technology,Jacksonville,Florida,32216,South,Angela,2022-03-04
771,Mike Kennedy,Manufacturing,Los Angeles,California,90036,West,Jim,2022-04-16
772,Toby Braunhardt,Retail,Cranston,Rhode Island,2920,East,Toby,2022-06-01
773,Sung Shariari,Healthcare,Milwaukee,Wisconsin,53209,Central,Angela,2022-05-22
774,Barry Blumstein,Retail,Virginia Beach,Virginia,23464,South,Kelly,2022-04-08
775,Jeremy Farry,Technology,Los Angeles,California,90045,West,Toby,2022-01-20
776,Max Engle,Technology,New York City,New York,10035,East,Angela,2022-03-19
777,Kai Rey,Service,Louisville,Kentucky,40214,South,Ryan,2022-03-16
778,Shirley Schmidt,Wholesale,Chicago,Illinois,60653,Central,Dwight,2022-04-05
779,Robert Barroso,Financial,San Francisco,California,94109,West,Pam,2022-04-01
780,Roland Murray,Retail,Lakewood,New Jersey,8701,East,Jim,2022-02-10
781,Evan Bailliet,Financial,Roseville,California,95661,West,Michael,2022-01-16
782,Dan Reichenbach,Financial,Columbus,Georgia,31907,South,Angela,2022-04-29
783,Dan Campbell,Manufacturing,Huntsville,Texas,77340,Central,Jim,2022-01-17
784,Rick Huthwaite,Retail,Huntsville,Alabama,35810,South,Meredith,2022-04-05
785,Tony Chapman,Financial,Arlington,Virginia,22204,South,Jim,2022-01-18
786,William Brown,Financial,Chicago,Illinois,60623,Central,Dwight,2022-04-08
787,Dennis Pardue,Technology,Fresno,California,93727,West,Dwight,2022-02-18
788,Nicole Brennan,Service,Philadelphia,Pennsylvania,19143,East,Michael,2022-05-13
789,Robert Marley,Healthcare,Philadelphia,Pennsylvania,19140,East,Angela,2022-06-11
790,Ricardo Sperren,Manufacturing,Burlington,Iowa,52601,Central,Andy,2022-01-09
791,Vivian Mathis,Retail,Arlington Heights,Illinois,60004,Central,Ryan,2022-06-04
792,Rob Williams,Manufacturing,Kent,Ohio,44240,East,Kelly,2022-03-27
793,Edward Nazzal,Financial,Newark,Ohio,43055,East,Ryan,2022-06-19
794,Chris Cortes,Technology,Louisville,Kentucky,40214,South,Toby,2022-06-02
795,Thais Sissman,Service,Chicago,Illinois,60653,Central,Toby,2022-04-24
796,Ivan Liston,Financial,San Francisco,California,94109,West,Toby,2022-06-04
